FirstName,LastName,Address,City,State,Zip Code,TelephoneNumber,DateOfBirth,DateOfJoining
John,Smith,123 Main St,New York,New York,10001,(555) 123-4567,01/15/1985,11/07/2023
Jane,Doe,456 Elm St,New York,New York,10002,(555) 987-6543,03/20/1990,12/07/2023
Michael,Johnson,789 Oak St,New York,New York,10003,(555) 555-1234,06/10/1978,13/07/2023
Sarah,Williams,101 Pine St,New York,New York,10004,(555) 888-7777,12/05/1995,14/07/2023
David,Brown,234 Cedar St,New York,New York,10005,(555) 333-2222,09/30/1980,15/07/2023
Emily,Jones,567 Maple St,New York,New York,10006,(555) 999-8888,07/14/1992,16/07/2023
Daniel,Clark,890 Birch St,New York,New York,10007,(555) 111-3333,04/25/1987,17/07/2023
Olivia,Lee,345 Pineapple St,New York,New York,10008,(555) 777-8888,11/28/1989,18/07/2023
James,Anderson,678 Orange St,New York,New York,10009,(555) 222-3333,02/18/1982,19/07/2023
Sophia,Wilson,432 Cherry St,New York,New York,10010,(555) 444-5555,08/23/1994,20/07/2023
Emma,Gonzalez,765 Grape St,New York,New York,10011,(555) 444-1111,12/28/1992,21/07/2023
Jackson,Hernandez,987 Apple St,New York,New York,10012,(555) 777-5555,08/11/1986,22/07/2023
Olivia,Harris,234 Pear St,New York,New York,10013,(555) 111-2222,03/09/1997,23/07/2023
Ethan,Walker,876 Cherry St,New York,New York,10014,(555) 666-4444,05/05/1995,24/07/2023
Ava,Roberts,543 Orange St,New York,New York,10015,(555) 222-3333,01/07/1989,25/07/2023
Michael,King,654 Strawberry St,New York,New York,10016,(555) 555-1111,10/04/1987,26/07/2023
Isabella,Hill,876 Pineapple St,New York,New York,10017,(555) 123-4444,02/02/1980,27/07/2023
Sophia,Allen,123 Banana St,New York,New York,10018,(555) 333-9999,09/15/1984,28/07/2023
William,Lewis,234 Grape St,New York,New York,10019,(555) 444-5555,07/31/1994,29/07/2023
Oliver,Johnson,456 Pear St,New York,New York,10020,(555) 777-3333,04/14/1991,30/07/2023
Charlotte,Smith,567 Apple St,New York,New York,10021,(555) 123-6666,06/26/1992,31/07/2023
Amelia,Taylor,789 Cherry St,New York,New York,10022,(555) 555-6666,05/28/1985,01/08/2023
Mia,Williams,890 Lime St,New York,New York,10023,(555) 666-7777,10/30/1983,02/08/2023
Benjamin,Anderson,543 Grape St,New York,New York,10024,(555) 222-1111,11/20/1993,03/08/2023
Henry,Thomas,654 Orange St,New York,New York,10025,(555) 111-1234,03/15/1987,04/08/2023
Daniel,Moore,876 Lemon St,New York,New York,10026,(555) 444-4444,02/19/1990,05/08/2023
Ava,Johnson,234 Apple St,New York,New York,10027,(555) 555-1234,09/01/1988,06/08/2023
Sophia,Moore,567 Cherry St,New York,New York,10028,(555) 777-7777,05/18/1990,07/08/2023
James,Anderson,890 Pear St,New York,New York,10029,(555) 123-1234,08/23/1986,08/08/2023
Elijah,Davis,543 Plum St,New York,New York,10030,(555) 222-5555,03/03/1982,09/08/2023
Isabella,Smith,456 Lemon St,New York,New York,10031,(555) 123-6666,07/07/1998,10/08/2023
Ava,Williams,789 Strawberry St,New York,New York,10032,(555) 555-4444,06/29/1997,11/08/2023
William,Thomas,876 Pineapple St,New York,New York,10033,(555) 777-5555,01/25/1982,12/08/2023
Oliver,Moore,234 Grape St,New York,New York,10034,(555) 111-6666,10/05/1981,13/08/2023
Sophia,Davis,567 Pear St,New York,New York,10035,(555) 444-1111,12/21/1996,14/08/2023
Mia,Wilson,876 Pine St,New York,New York,10036,(555) 777-3333,09/09/1992,15/08/2023
Daniel,White,234 Lime St,New York,New York,10037,(555) 666-9999,11/04/1985,16/08/2023
Charlotte,Jackson,789 Apple St,New York,New York,10038,(555) 333-1234,05/30/1991,17/08/2023
Ava,Martin,876 Cherry St,New York,New York,10039,(555) 555-5555,02/27/1981,18/08/2023
Michael,Brown,345 Banana St,New York,New York,10040,(555) 111-2222,03/12/1993,19/08/2023
Oliver,Robinson,654 Pine St,New York,New York,10041,(555) 777-1234,11/22/1985,20/08/2023
Charlotte,Allen,876 Lemon St,New York,New York,10042,(555) 555-4444,07/19/1991,21/08/2023
Ava,Lopez,123 Orange St,New York,New York,10043,(555) 222-6666,01/11/1986,22/08/2023
Elijah,Clark,234 Pear St,New York,New York,10044,(555) 123-5555,04/08/1998,23/08/2023
Sophia,Perez,567 Apple St,New York,New York,10045,(555) 444-3333,06/27/1989,24/08/2023
James,Harris,876 Cherry St,New York,New York,10046,(555) 777-9999,02/13/1994,25/08/2023
Mia,Hernandez,234 Strawberry St,New York,New York,10047,(555) 333-4444,09/10/1984,26/08/2023
Benjamin,Thomas,654 Banana St,New York,New York,10048,(555) 555-7777,12/28/1990,27/08/2023
William,Moore,567 Pineapple St,New York,New York,10049,(555) 222-5555,08/15/1986,28/08/2023
Ethan,Davis,987 Pear St,New York,New York,10050,(555) 123-3333,10/12/1995,29/08/2023
Isabella,King,345 Apple St,New York,New York,10051,(555) 444-1111,05/24/1989,30/08/2023
Oliver,White,876 Orange St,New York,New York,10052,(555) 777-6666,03/31/1980,31/08/2023
Sophia,Smith,234 Grape St,New York,New York,10053,(555) 333-5555,07/07/1983,01/09/2023
Daniel,Thomas,567 Lime St,New York,New York,10054,(555) 111-4444,12/17/1982,02/09/2023
Emily,Clark,654 Plum St,New York,New York,10055,(555) 555-4444,02/05/1996,03/09/2023
Liam,Walker,876 Pineapple St,New York,New York,10056,(555) 123-6666,09/28/1992,04/09/2023
Olivia,Wilson,234 Pear St,New York,New York,10057,(555) 777-1234,01/14/1981,05/09/2023
Sophia,Anderson,543 Lemon St,New York,New York,10058,(555) 111-6666,06/23/1990,06/09/2023
Mia,Hernandez,765 Cherry St,New York,New York,10059,(555) 444-3333,03/10/1992,07/09/2023
Ava,Lewis,987 Strawberry St,New York,New York,10060,(555) 222-4444,08/04/1998,08/09/2023
Jackson,Parker,234 Pineapple St,New York,New York,10061,(555) 123-1234,04/01/1987,09/09/2023
Charlotte,Martin,456 Pear St,New York,New York,10062,(555) 555-6666,02/28/1993,10/09/2023
William,Johnson,567 Pine St,New York,New York,10063,(555) 777-5555,10/22/1981,11/09/2023
Oliver,Smith,987 Grape St,New York,New York,10064,(555) 123-1234,01/03/1996,12/09/2023
Sophia,Martin,876 Orange St,New York,New York,10065,(555) 333-1111,09/05/1995,13/09/2023
Ava,Martinez,234 Plum St,New York,New York,10066,(555) 666-4444,06/09/1984,14/09/2023
James,Wilson,543 Apple St,New York,New York,10067,(555) 777-9999,07/14/1983,15/09/2023
Isabella,Anderson,765 Strawberry St,New York,New York,10068,(555) 444-1111,02/16/1998,16/09/2023
Ava,Walker,234 Pear St,New York,New York,10069,(555) 123-3333,11/09/1994,17/09/2023
Mia,White,567 Pineapple St,New York,New York,10070,(555) 555-5555,08/29/1987,18/09/2023
Charlotte,Turner,876 Banana St,New York,New York,10071,(555) 222-2222,10/21/1980,19/09/2023
Benjamin,Perez,234 Lime St,New York,New York,10072,(555) 444-4444,04/18/1990,20/09/2023
William,Thomas,456 Grape St,New York,New York,10073,(555) 123-1234,12/27/1996,21/09/2023
Oliver,Perez,987 Lemon St,New York,New York,10074,(555) 555-4444,09/25/1991,22/09/2023
Ava,Davis,234 Pear St,New York,New York,10075,(555) 111-1111,01/14/1984,23/09/2023
Sophia,Williams,567 Pineapple St,New York,New York,10076,(555) 777-7777,08/19/1988,24/09/2023
Michael,Martin,876 Orange St,New York,New York,10077,(555) 333-6666,06/05/1982,25/09/2023
James,Hall,234 Plum St,New York,New York,10078,(555) 222-3333,03/01/1981,26/09/2023
Sophia,Johnson,456 Banana St,New York,New York,10079,(555) 123-5555,07/11/1992,27/09/2023
William,Davis,876 Pear St,New York,New York,10080,(555) 444-1111,05/27/1988,28/09/2023
Elijah,Jones,234 Apple St,New York,New York,10081,(555) 555-3333,02/23/1985,29/09/2023
Mia,Smith,765 Cherry St,New York,New York,10082,(555) 123-6666,11/26/1994,30/09/2023
Isabella,Garcia,987 Pine St,New York,New York,10083,(555) 777-1234,08/02/1983,01/10/2023
Sophia,Gonzalez,234 Pear St,New York,New York,10084,(555) 333-5555,04/13/1987,02/10/2023
William,Harris,543 Lemon St,New York,New York,10085,(555) 444-4444,12/09/1996,03/10/2023
Ethan,Jackson,234 Strawberry St,New York,New York,10086,(555) 123-1111,09/10/1998,04/10/2023
